<metadata xml:lang="en"><Esri><CreaDate>20141013</CreaDate><CreaTime>17091000</CreaTime><ArcGISFormat>1.0</ArcGISFormat><SyncOnce>FALSE</SyncOnce><DataProperties><lineage><Process ToolSource="c:\program files (x86)\arcgis\desktop10.1\ArcToolbox\Toolboxes\Data Management Tools.tbx\CalculateField" Date="20140422" Time="114024">CalculateField Hama_1 Settlement_Name "Daraa" VB #</Process><Process ToolSource="c:\program files (x86)\arcgis\desktop10.1\ArcToolbox\Toolboxes\Data Management Tools.tbx\CalculateField" Date="20140422" Time="114127">CalculateField Hama_1 Neighborhood "" VB #</Process><Process ToolSource="c:\program files (x86)\arcgis\desktop10.1\ArcToolbox\Toolboxes\Data Management Tools.tbx\CalculateField" Date="20140424" Time="121445">CalculateField Damage_sites_Homs Neighborhood "Unknown" VB #</Process><Process ToolSource="c:\program files (x86)\arcgis\desktop10.1\ArcToolbox\Toolboxes\Data Management Tools.tbx\CalculateField" Date="20140507" Time="141335">CalculateField Damage_sites_Homs_Update_Filled Main_Damage_Site_Class_2 "[Main_Damage_Site_Class] = [Main_Damage_Site_Class_2]" VB #</Process><Process ToolSource="c:\program files (x86)\arcgis\desktop10.1\ArcToolbox\Toolboxes\Data Management Tools.tbx\CalculateField" Date="20140507" Time="141411">CalculateField Damage_sites_Homs_Update_Filled Main_Damage_Site_Class_2 [Main_Damage_Site_Class] VB #</Process><Process ToolSource="c:\program files (x86)\arcgis\desktop10.1\ArcToolbox\Toolboxes\Data Management Tools.tbx\CalculateField" Date="20140507" Time="141427">CalculateField Damage_sites_Homs_Update_Filled ConfidenceID_2 [ConfidenceID] VB #</Process><Process ToolSource="c:\program files (x86)\arcgis\desktop10.1\ArcToolbox\Toolboxes\Data Management Tools.tbx\CalculateField" Date="20140507" Time="172558">CalculateField Damage_sites_Homs_Update_Pilot Settlement_Name Homs VB #</Process><Process ToolSource="c:\program files (x86)\arcgis\desktop10.1\ArcToolbox\Toolboxes\Data Management Tools.tbx\CalculateField" Date="20140507" Time="172610">CalculateField Damage_sites_Homs_Update_Pilot Settlement_Name "Homs" VB #</Process><Process ToolSource="c:\program files (x86)\arcgis\desktop10.1\ArcToolbox\Toolboxes\Data Management Tools.tbx\CalculateField" Date="20140507" Time="172915">CalculateField Damage_sites_Homs_Update_Pilot Neighborhood "Al Qarabis" VB #</Process><Process ToolSource="c:\program files (x86)\arcgis\desktop10.1\ArcToolbox\Toolboxes\Data Management Tools.tbx\CalculateField" Date="20140507" Time="172938">CalculateField Damage_sites_Homs_Update_Pilot Neighborhood "Unknown" VB #</Process><Process ToolSource="c:\program files (x86)\arcgis\desktop10.1\ArcToolbox\Toolboxes\Data Management Tools.tbx\CalculateField" Date="20140507" Time="173035">CalculateField Damage_sites_Homs_Update_Pilot Neighborhood "Al Qassor" VB #</Process><Process ToolSource="c:\program files (x86)\arcgis\desktop10.1\ArcToolbox\Toolboxes\Data Management Tools.tbx\CalculateField" Date="20140508" Time="101138">CalculateField Damage_sites_Homs_Update_Pilot_A Damage_Status 0
 VB #</Process><Process ToolSource="c:\program files (x86)\arcgis\desktop10.1\ArcToolbox\Toolboxes\Data Management Tools.tbx\CalculateField" Date="20140508" Time="101311">CalculateField Damage_sites_Homs_Update_Pilot_A Damage_Status 3 VB #</Process><Process ToolSource="c:\program files (x86)\arcgis\desktop10.1\ArcToolbox\Toolboxes\Data Management Tools.tbx\CalculateField" Date="20140508" Time="101551">CalculateField Damage_sites_Homs_Update_Pilot_A Damage_Status 1 VB #</Process><Process ToolSource="c:\program files (x86)\arcgis\desktop10.1\ArcToolbox\Toolboxes\Data Management Tools.tbx\CalculateField" Date="20140508" Time="101620">CalculateField Damage_sites_Homs_Update_Pilot_A Damage_Status 2 VB #</Process><Process ToolSource="c:\program files (x86)\arcgis\desktop10.1\ArcToolbox\Toolboxes\Data Management Tools.tbx\CalculateField" Date="20140508" Time="101745">CalculateField Damage_sites_Homs_Update_Pilot_A SensorDate_2 "26 September 2013" VB #</Process><Process ToolSource="c:\program files (x86)\arcgis\desktop10.1\ArcToolbox\Toolboxes\Data Management Tools.tbx\CalculateField" Date="20140508" Time="101757">CalculateField Damage_sites_Homs_Update_Pilot_A SensorID_2 2 VB #</Process><Process ToolSource="c:\program files (x86)\arcgis\desktop10.1\ArcToolbox\Toolboxes\Data Management Tools.tbx\CalculateField" Date="20140508" Time="101858">CalculateField Damage_sites_Homs_Update_Pilot_A SensorDate_2 "21 April 2014" VB #</Process><Process ToolSource="c:\program files (x86)\arcgis\desktop10.1\ArcToolbox\Toolboxes\Data Management Tools.tbx\CalculateField" Date="20140508" Time="102020">CalculateField Damage_sites_Homs_Update_Pilot_A SensorID_2 35 VB #</Process><Process ToolSource="c:\program files (x86)\arcgis\desktop10.1\ArcToolbox\Toolboxes\Data Management Tools.tbx\CalculateField" Date="20140508" Time="102659">CalculateField Damage_sites_Homs_Update_Pilot_A ConfidenceID 2 VB #</Process><Process ToolSource="c:\program files (x86)\arcgis\desktop10.1\ArcToolbox\Toolboxes\Data Management Tools.tbx\CalculateField" Date="20140508" Time="103012">CalculateField Damage_sites_Homs_Update_Pilot_A SensorDate_2 "21 April 2014" VB #</Process><Process ToolSource="c:\program files (x86)\arcgis\desktop10.1\ArcToolbox\Toolboxes\Data Management Tools.tbx\CalculateField" Date="20140508" Time="103021">CalculateField Damage_sites_Homs_Update_Pilot_A SensorID_2 35 VB #</Process><Process ToolSource="c:\program files (x86)\arcgis\desktop10.1\ArcToolbox\Toolboxes\Data Management Tools.tbx\CalculateField" Date="20140508" Time="103139">CalculateField Damage_sites_Homs_Update_Pilot_A SiteID 36 VB #</Process><Process ToolSource="c:\program files (x86)\arcgis\desktop10.1\ArcToolbox\Toolboxes\Data Management Tools.tbx\CalculateField" Date="20140508" Time="103151">CalculateField Damage_sites_Homs_Update_Pilot_A SiteID 26 VB #</Process><Process ToolSource="c:\program files (x86)\arcgis\desktop10.1\ArcToolbox\Toolboxes\Data Management Tools.tbx\CalculateField" Date="20140612" Time="171955">CalculateField Damage_Sites_REACH ConfidenceID_2 " [ConfidenceID]" VB #</Process><Process ToolSource="c:\program files (x86)\arcgis\desktop10.1\ArcToolbox\Toolboxes\Data Management Tools.tbx\CalculateField" Date="20140612" Time="172004">CalculateField Damage_Sites_REACH ConfidenceID_2 [ConfidenceID] VB #</Process><Process ToolSource="c:\program files (x86)\arcgis\desktop10.1\ArcToolbox\Toolboxes\Data Management Tools.tbx\CalculateField" Date="20140612" Time="172014">CalculateField Damage_Sites_REACH Main_Damage_Site_Class_2 [Main_Damage_Site_Class] VB #</Process><Process ToolSource="c:\program files (x86)\arcgis\desktop10.1\ArcToolbox\Toolboxes\Data Management Tools.tbx\CalculateField" Date="20140616" Time="163202">CalculateField Damage_Sites_REACH Notes "Reconstruction" VB #</Process><Process ToolSource="c:\program files (x86)\arcgis\desktop10.1\ArcToolbox\Toolboxes\Data Management Tools.tbx\CalculateField" Date="20140617" Time="135357">CalculateField Damage_Sites_REACH ConfidenceID_2 2 VB #</Process><Process ToolSource="c:\program files (x86)\arcgis\desktop10.1\ArcToolbox\Toolboxes\Data Management Tools.tbx\CalculateField" Date="20140617" Time="135650">CalculateField Damage_Sites_REACH SensorDate_2 "12 April 2014" VB #</Process><Process ToolSource="c:\program files (x86)\arcgis\desktop10.1\ArcToolbox\Toolboxes\Data Management Tools.tbx\CalculateField" Date="20140617" Time="135659">CalculateField Damage_Sites_REACH SensorID_2 2 VB #</Process><Process ToolSource="c:\program files (x86)\arcgis\desktop10.1\ArcToolbox\Toolboxes\Data Management Tools.tbx\CalculateField" Date="20140617" Time="135849">CalculateField Damage_Sites_REACH Settlement_Name "Raqqa" VB #</Process><Process ToolSource="c:\program files (x86)\arcgis\desktop10.1\ArcToolbox\Toolboxes\Data Management Tools.tbx\CalculateField" Date="20140617" Time="140552">CalculateField Damage_Sites_REACH Notes "Temporary structure" VB #</Process><Process ToolSource="c:\program files (x86)\arcgis\desktop10.2\ArcToolbox\Toolboxes\Data Management Tools.tbx\CalculateField" Date="20140715" Time="114205">CalculateField Damage_Sites_REACH SensorDate_2 "12 February 2014" VB #</Process><Process ToolSource="c:\program files (x86)\arcgis\desktop10.2\ArcToolbox\Toolboxes\Data Management Tools.tbx\CalculateField" Date="20141013" Time="165942">CalculateField Damage_Sites_REACH SensorDate_2 "12 February 2014" VB #</Process><Process ToolSource="c:\program files (x86)\arcgis\desktop10.2\ArcToolbox\Toolboxes\Data Management Tools.tbx\CalculateField" Date="20141013" Time="170000">CalculateField Damage_Sites_REACH SensorID_2 2 VB #</Process><Process ToolSource="c:\program files (x86)\arcgis\desktop10.2\ArcToolbox\Toolboxes\Data Management Tools.tbx\CalculateField" Date="20141013" Time="170021">CalculateField Damage_Sites_REACH ConfidenceID_2 [ConfidenceID] VB #</Process><Process ToolSource="c:\program files (x86)\arcgis\desktop10.2\ArcToolbox\Toolboxes\Data Management Tools.tbx\CalculateField" Date="20141013" Time="170110">CalculateField Damage_Sites_REACH Main_Damage_Site_Class_2 [Main_Damage_Site_Class] VB #</Process><Process ToolSource="c:\program files (x86)\arcgis\desktop10.2\ArcToolbox\Toolboxes\Data Management Tools.tbx\CalculateField" Date="20141013" Time="170121">CalculateField Damage_Sites_REACH Damage_Status 0 VB #</Process><Process ToolSource="c:\program files (x86)\arcgis\desktop10.2\ArcToolbox\Toolboxes\Data Management Tools.tbx\CalculateField" Date="20141013" Time="172949">CalculateField Damage_sites_Update_2_Raqqa Neighborhood "Unknown" VB #</Process><Process ToolSource="c:\program files (x86)\arcgis\desktop10.2\ArcToolbox\Toolboxes\Data Management Tools.tbx\CopyFeatures" Date="20141014" Time="092445">CopyFeatures "M:\SY_Syria\GeoData\UNOSAT\Data_to_Process\CE20130604SYR\OFDA-REACH Syria Project\UPDATE 2 - Final\CE20130604SYR_OFDA_REACH_DA_UPDATE2_all.gdb\Damage_Analysis\Damage_sites_Update_20140212" M:\SY_Syria\GeoData\UNOSAT\Geodatabase\CE20130604SYR.gdb\Damage_Analysis\Damage_sites_Update_20140212 # 0 0 0</Process><Process ToolSource="c:\program files (x86)\arcgis\desktop10.2\ArcToolbox\Toolboxes\Conversion Tools.tbx\FeatureClassToFeatureClass" Date="20141106" Time="143405">FeatureClassToFeatureClass GPL0 Z:\Websites\u\unosat-maps\SY\CE20130604SYR\UNOSAT_DamageAssessment_OFDA-REACH_CE20130604SYR Damage_sites_Update_Raqqa_20140212 # "SiteID "SiteID" true true false 255 Text 0 0 ,First,#,Z:\Websites\u\unosat-maps\SY\CE20130604SYR\UNOSAT_DamageAssessment_OFDA-REACH_CE20130604SYR.gdb\Damage_Analysis\Damage_sites_Update_Raqqa_20140212,SiteID,-1,-1;SensorDate "SensorDate" true true false 8 Date 0 0 ,First,#,Z:\Websites\u\unosat-maps\SY\CE20130604SYR\UNOSAT_DamageAssessment_OFDA-REACH_CE20130604SYR.gdb\Damage_Analysis\Damage_sites_Update_Raqqa_20140212,SensorDate,-1,-1;SensorID "SensorID" true true false 255 Text 0 0 ,First,#,Z:\Websites\u\unosat-maps\SY\CE20130604SYR\UNOSAT_DamageAssessment_OFDA-REACH_CE20130604SYR.gdb\Damage_Analysis\Damage_sites_Update_Raqqa_20140212,SensorID,-1,-1;ConfidenceID "ConfidenceID" true true false 255 Text 0 0 ,First,#,Z:\Websites\u\unosat-maps\SY\CE20130604SYR\UNOSAT_DamageAssessment_OFDA-REACH_CE20130604SYR.gdb\Damage_Analysis\Damage_sites_Update_Raqqa_20140212,ConfidenceID,-1,-1;Main_Damage_Site_Class "Main_Damage_Site_Class" true true false 255 Text 0 0 ,First,#,Z:\Websites\u\unosat-maps\SY\CE20130604SYR\UNOSAT_DamageAssessment_OFDA-REACH_CE20130604SYR.gdb\Damage_Analysis\Damage_sites_Update_Raqqa_20140212,Main_Damage_Site_Class,-1,-1;SensorDate_2 "SensorDate_2" true true false 8 Date 0 0 ,First,#,Z:\Websites\u\unosat-maps\SY\CE20130604SYR\UNOSAT_DamageAssessment_OFDA-REACH_CE20130604SYR.gdb\Damage_Analysis\Damage_sites_Update_Raqqa_20140212,SensorDate_2,-1,-1;SensorID_2 "SensorID_2" true true false 255 Text 0 0 ,First,#,Z:\Websites\u\unosat-maps\SY\CE20130604SYR\UNOSAT_DamageAssessment_OFDA-REACH_CE20130604SYR.gdb\Damage_Analysis\Damage_sites_Update_Raqqa_20140212,SensorID_2,-1,-1;ConfidenceID_2 "ConfidenceID_2" true true false 255 Text 0 0 ,First,#,Z:\Websites\u\unosat-maps\SY\CE20130604SYR\UNOSAT_DamageAssessment_OFDA-REACH_CE20130604SYR.gdb\Damage_Analysis\Damage_sites_Update_Raqqa_20140212,ConfidenceID_2,-1,-1;Main_Damage_Site_Class_2 "Main_Damage_Site_Class_2" true true false 255 Text 0 0 ,First,#,Z:\Websites\u\unosat-maps\SY\CE20130604SYR\UNOSAT_DamageAssessment_OFDA-REACH_CE20130604SYR.gdb\Damage_Analysis\Damage_sites_Update_Raqqa_20140212,Main_Damage_Site_Class_2,-1,-1;Grouped_Damage_Classes "Grouped_Damage_Classes" true true false 255 Text 0 0 ,First,#,Z:\Websites\u\unosat-maps\SY\CE20130604SYR\UNOSAT_DamageAssessment_OFDA-REACH_CE20130604SYR.gdb\Damage_Analysis\Damage_sites_Update_Raqqa_20140212,Grouped_Damage_Classes,-1,-1;FieldValidation "FieldValidation" true true false 255 Text 0 0 ,First,#,Z:\Websites\u\unosat-maps\SY\CE20130604SYR\UNOSAT_DamageAssessment_OFDA-REACH_CE20130604SYR.gdb\Damage_Analysis\Damage_sites_Update_Raqqa_20140212,FieldValidation,-1,-1;Damage_Status "Damage_Status" true true false 255 Text 0 0 ,First,#,Z:\Websites\u\unosat-maps\SY\CE20130604SYR\UNOSAT_DamageAssessment_OFDA-REACH_CE20130604SYR.gdb\Damage_Analysis\Damage_sites_Update_Raqqa_20140212,Damage_Status,-1,-1;Notes "Notes" true true false 100 Text 0 0 ,First,#,Z:\Websites\u\unosat-maps\SY\CE20130604SYR\UNOSAT_DamageAssessment_OFDA-REACH_CE20130604SYR.gdb\Damage_Analysis\Damage_sites_Update_Raqqa_20140212,Notes,-1,-1;Settlement_Name "Settlement_Name" true true false 100 Text 0 0 ,First,#,Z:\Websites\u\unosat-maps\SY\CE20130604SYR\UNOSAT_DamageAssessment_OFDA-REACH_CE20130604SYR.gdb\Damage_Analysis\Damage_sites_Update_Raqqa_20140212,Settlement_Name,-1,-1;Neighborhood "Neighborhood" true true false 50 Text 0 0 ,First,#,Z:\Websites\u\unosat-maps\SY\CE20130604SYR\UNOSAT_DamageAssessment_OFDA-REACH_CE20130604SYR.gdb\Damage_Analysis\Damage_sites_Update_Raqqa_20140212,Neighborhood,-1,-1;EventCode "EventCode" true true false 50 Text 0 0 ,First,#,Z:\Websites\u\unosat-maps\SY\CE20130604SYR\UNOSAT_DamageAssessment_OFDA-REACH_CE20130604SYR.gdb\Damage_Analysis\Damage_sites_Update_Raqqa_20140212,EventCode,-1,-1" #</Process></lineage><itemProps><itemLocation><linkage Sync="TRUE">file://\\cern.ch\dfs\Websites\u\unosat-maps\SY\CE20130604SYR\UNOSAT_DamageAssessment_OFDA-REACH_CE20130604SYR\Damage_sites_Update_Raqqa_20140212.shp</linkage><protocol Sync="TRUE">Local Area Network</protocol></itemLocation><itemName Sync="TRUE">Damage_sites_Update_Raqqa_20140212</itemName><imsContentType Sync="TRUE">002</imsContentType><itemSize Sync="TRUE">0.000</itemSize></itemProps><coordRef><type Sync="TRUE">Geographic</type><geogcsn Sync="TRUE">GCS_WGS_1984</geogcsn><csUnits Sync="TRUE">Angular Unit: Degree (0.017453)</csUnits><peXml Sync="TRUE">&lt;GeographicCoordinateSystem xsi:type='typens:GeographicCoordinateSystem' xmlns:xsi='http://www.w3.org/2001/XMLSchema-instance' xmlns:xs='http://www.w3.org/2001/XMLSchema' xmlns:typens='http://www.esri.com/schemas/ArcGIS/10.1'&gt;&lt;WKT&gt;GEOGCS[&amp;quot;GCS_WGS_1984&amp;quot;,DATUM[&amp;quot;D_WGS_1984&amp;quot;,SPHEROID[&amp;quot;WGS_1984&amp;quot;,6378137.0,298.257223563]],PRIMEM[&amp;quot;Greenwich&amp;quot;,0.0],UNIT[&amp;quot;Degree&amp;quot;,0.0174532925199433],AUTHORITY[&amp;quot;EPSG&amp;quot;,4326]],VERTCS[&amp;quot;EGM96_Geoid&amp;quot;,VDATUM[&amp;quot;EGM96_Geoid&amp;quot;],PARAMETER[&amp;quot;Vertical_Shift&amp;quot;,0.0],PARAMETER[&amp;quot;Direction&amp;quot;,1.0],UNIT[&amp;quot;Meter&amp;quot;,1.0],AUTHORITY[&amp;quot;EPSG&amp;quot;,5773]]&lt;/WKT&gt;&lt;XOrigin&gt;-400&lt;/XOrigin&gt;&lt;YOrigin&gt;-400&lt;/YOrigin&gt;&lt;XYScale&gt;11258999068426.238&lt;/XYScale&gt;&lt;ZOrigin&gt;-100000&lt;/ZOrigin&gt;&lt;ZScale&gt;10000&lt;/ZScale&gt;&lt;MOrigin&gt;-100000&lt;/MOrigin&gt;&lt;MScale&gt;10000&lt;/MScale&gt;&lt;XYTolerance&gt;8.983152841195215e-009&lt;/XYTolerance&gt;&lt;ZTolerance&gt;0.001&lt;/ZTolerance&gt;&lt;MTolerance&gt;0.001&lt;/MTolerance&gt;&lt;HighPrecision&gt;true&lt;/HighPrecision&gt;&lt;LeftLongitude&gt;-180&lt;/LeftLongitude&gt;&lt;WKID&gt;4326&lt;/WKID&gt;&lt;LatestWKID&gt;4326&lt;/LatestWKID&gt;&lt;VCSWKID&gt;5773&lt;/VCSWKID&gt;&lt;LatestVCSWKID&gt;5773&lt;/LatestVCSWKID&gt;&lt;/GeographicCoordinateSystem&gt;</peXml></coordRef></DataProperties><SyncDate>20141106</SyncDate><SyncTime>14340400</SyncTime><ModDate>20141106</ModDate><ModTime>14340400</ModTime></Esri><dataIdInfo><envirDesc Sync="TRUE">Microsoft Windows 7 Version 6.1 (Build 7601) Service Pack 1; Esri ArcGIS 10.2.2.3552</envirDesc><dataLang><languageCode value="eng" Sync="TRUE"></languageCode><countryCode value="USA" Sync="TRUE"></countryCode></dataLang><idCitation><resTitle Sync="TRUE">Damage_sites_Update_Raqqa_20140212</resTitle><presForm><PresFormCd value="005" Sync="TRUE"></PresFormCd></presForm></idCitation><spatRpType><SpatRepTypCd value="001" Sync="TRUE"></SpatRepTypCd></spatRpType></dataIdInfo><mdLang><languageCode value="eng" Sync="TRUE"></languageCode><countryCode value="USA" Sync="TRUE"></countryCode></mdLang><distInfo><distFormat><formatName Sync="TRUE">Shapefile</formatName></distFormat><distTranOps><transSize Sync="TRUE">0.000</transSize></distTranOps></distInfo><mdHrLv><ScopeCd value="005" Sync="TRUE"></ScopeCd></mdHrLv><mdHrLvName Sync="TRUE">dataset</mdHrLvName><refSysInfo><RefSystem><refSysID><identCode code="4326" Sync="TRUE"></identCode><idCodeSpace Sync="TRUE">EPSG</idCodeSpace><idVersion Sync="TRUE">8.2.6</idVersion></refSysID></RefSystem></refSysInfo><spatRepInfo><VectSpatRep><geometObjs Name="Damage_sites_Update_Raqqa_20140212"><geoObjTyp><GeoObjTypCd value="004" Sync="TRUE"></GeoObjTypCd></geoObjTyp><geoObjCnt Sync="TRUE">0</geoObjCnt></geometObjs><topLvl><TopoLevCd value="001" Sync="TRUE"></TopoLevCd></topLvl></VectSpatRep></spatRepInfo><spdoinfo><ptvctinf><esriterm Name="Damage_sites_Update_Raqqa_20140212"><efeatyp Sync="TRUE">Simple</efeatyp><efeageom code="1" Sync="TRUE"></efeageom><esritopo Sync="TRUE">FALSE</esritopo><efeacnt Sync="TRUE">0</efeacnt><spindex Sync="TRUE">FALSE</spindex><linrefer Sync="TRUE">FALSE</linrefer></esriterm></ptvctinf></spdoinfo><eainfo><detailed Name="Damage_sites_Update_Raqqa_20140212"><enttyp><enttypl Sync="TRUE">Damage_sites_Update_Raqqa_20140212</enttypl><enttypt Sync="TRUE">Feature Class</enttypt><enttypc Sync="TRUE">0</enttypc></enttyp><attr><attrlabl Sync="TRUE">FID</attrlabl><attalias Sync="TRUE">FID</attalias><attrtype Sync="TRUE">OID</attrtype><attwidth Sync="TRUE">4</attwidth><atprecis Sync="TRUE">0</atprecis><attscale Sync="TRUE">0</attscale><attrdef Sync="TRUE">Internal feature number.</attrdef><attrdefs Sync="TRUE">Esri</attrdefs><attrdomv><udom Sync="TRUE">Sequential unique whole numbers that are automatically generated.</udom></attrdomv></attr><attr><attrlabl Sync="TRUE">Shape</attrlabl><attalias Sync="TRUE">Shape</attalias><attrtype Sync="TRUE">Geometry</attrtype><attwidth Sync="TRUE">0</attwidth><atprecis Sync="TRUE">0</atprecis><attscale Sync="TRUE">0</attscale><attrdef Sync="TRUE">Feature geometry.</attrdef><attrdefs Sync="TRUE">Esri</attrdefs><attrdomv><udom Sync="TRUE">Coordinates defining the features.</udom></attrdomv></attr><attr><attrlabl Sync="TRUE">SiteID</attrlabl><attalias Sync="TRUE">SiteID</attalias><attrtype Sync="TRUE">String</attrtype><attwidth Sync="TRUE">254</attwidth><atprecis Sync="TRUE">0</atprecis><attscale Sync="TRUE">0</attscale></attr><attr><attrlabl Sync="TRUE">SensorDate</attrlabl><attalias Sync="TRUE">SensorDate</attalias><attrtype Sync="TRUE">Date</attrtype><attwidth Sync="TRUE">8</attwidth><atprecis Sync="TRUE">0</atprecis><attscale Sync="TRUE">0</attscale></attr><attr><attrlabl Sync="TRUE">SensorID</attrlabl><attalias Sync="TRUE">SensorID</attalias><attrtype Sync="TRUE">String</attrtype><attwidth Sync="TRUE">254</attwidth><atprecis Sync="TRUE">0</atprecis><attscale Sync="TRUE">0</attscale></attr><attr><attrlabl Sync="TRUE">Confidence</attrlabl><attalias Sync="TRUE">Confidence</attalias><attrtype Sync="TRUE">String</attrtype><attwidth Sync="TRUE">254</attwidth><atprecis Sync="TRUE">0</atprecis><attscale Sync="TRUE">0</attscale></attr><attr><attrlabl Sync="TRUE">Main_Damag</attrlabl><attalias Sync="TRUE">Main_Damag</attalias><attrtype Sync="TRUE">String</attrtype><attwidth Sync="TRUE">254</attwidth><atprecis Sync="TRUE">0</atprecis><attscale Sync="TRUE">0</attscale></attr><attr><attrlabl Sync="TRUE">SensorDa_1</attrlabl><attalias Sync="TRUE">SensorDa_1</attalias><attrtype Sync="TRUE">Date</attrtype><attwidth Sync="TRUE">8</attwidth><atprecis Sync="TRUE">0</atprecis><attscale Sync="TRUE">0</attscale></attr><attr><attrlabl Sync="TRUE">SensorID_2</attrlabl><attalias Sync="TRUE">SensorID_2</attalias><attrtype Sync="TRUE">String</attrtype><attwidth Sync="TRUE">254</attwidth><atprecis Sync="TRUE">0</atprecis><attscale Sync="TRUE">0</attscale></attr><attr><attrlabl Sync="TRUE">Confiden_1</attrlabl><attalias Sync="TRUE">Confiden_1</attalias><attrtype Sync="TRUE">String</attrtype><attwidth Sync="TRUE">254</attwidth><atprecis Sync="TRUE">0</atprecis><attscale Sync="TRUE">0</attscale></attr><attr><attrlabl Sync="TRUE">Main_Dam_1</attrlabl><attalias Sync="TRUE">Main_Dam_1</attalias><attrtype Sync="TRUE">String</attrtype><attwidth Sync="TRUE">254</attwidth><atprecis Sync="TRUE">0</atprecis><attscale Sync="TRUE">0</attscale></attr><attr><attrlabl Sync="TRUE">Grouped_Da</attrlabl><attalias Sync="TRUE">Grouped_Da</attalias><attrtype Sync="TRUE">String</attrtype><attwidth Sync="TRUE">254</attwidth><atprecis Sync="TRUE">0</atprecis><attscale Sync="TRUE">0</attscale></attr><attr><attrlabl Sync="TRUE">FieldValid</attrlabl><attalias Sync="TRUE">FieldValid</attalias><attrtype Sync="TRUE">String</attrtype><attwidth Sync="TRUE">254</attwidth><atprecis Sync="TRUE">0</atprecis><attscale Sync="TRUE">0</attscale></attr><attr><attrlabl Sync="TRUE">Damage_Sta</attrlabl><attalias Sync="TRUE">Damage_Sta</attalias><attrtype Sync="TRUE">String</attrtype><attwidth Sync="TRUE">254</attwidth><atprecis Sync="TRUE">0</atprecis><attscale Sync="TRUE">0</attscale></attr><attr><attrlabl Sync="TRUE">Notes</attrlabl><attalias Sync="TRUE">Notes</attalias><attrtype Sync="TRUE">String</attrtype><attwidth Sync="TRUE">100</attwidth><atprecis Sync="TRUE">0</atprecis><attscale Sync="TRUE">0</attscale></attr><attr><attrlabl Sync="TRUE">Settlement</attrlabl><attalias Sync="TRUE">Settlement</attalias><attrtype Sync="TRUE">String</attrtype><attwidth Sync="TRUE">100</attwidth><atprecis Sync="TRUE">0</atprecis><attscale Sync="TRUE">0</attscale></attr><attr><attrlabl Sync="TRUE">Neighborho</attrlabl><attalias Sync="TRUE">Neighborho</attalias><attrtype Sync="TRUE">String</attrtype><attwidth Sync="TRUE">50</attwidth><atprecis Sync="TRUE">0</atprecis><attscale Sync="TRUE">0</attscale></attr><attr><attrlabl Sync="TRUE">EventCode</attrlabl><attalias Sync="TRUE">EventCode</attalias><attrtype Sync="TRUE">String</attrtype><attwidth Sync="TRUE">50</attwidth><atprecis Sync="TRUE">0</atprecis><attscale Sync="TRUE">0</attscale></attr></detailed></eainfo><mdDateSt Sync="TRUE">20141106</mdDateSt></metadata>
